seller_id,total_orders,average_price,average_freight,average_review,dissatisfied_customers,late_orders,high_delay_orders,dissatisfied_rate,high_delay_rate,seller_segmentation
001cca7ae9ae17fb1caed9dfb1094831,195,151.13209401709403,52.10709401709401,3.965367965367965,40,13,5,20.51282051282051,2.564102564102564,Customer_Product_Risk
002100f778ceb8431b7a1020ff7ab48f,50,27.401851851851852,17.276666666666667,4.037037037037037,7,9,3,14.000000000000002,6.0,Delivery_Risk
004c9cd9d87a3c30c522c48c4fc07416,156,140.47613095238097,24.050238095238097,4.156626506024097,20,13,4,12.82051282051282,2.564102564102564,Strong_Performer
00ee68308b45bc5e2660cd833c3f81cc,135,187.23773255813953,28.730581395348835,4.3274853801169595,17,14,4,12.592592592592592,2.9629629629629632,Strong_Performer
00fc707aaaad2d31347cf883cd2dfe10,103,158.8985185185185,32.38192592592592,3.791044776119403,28,6,1,27.184466019417474,0.9708737864077669,Customer_Product_Risk
01cf7e3d21494c41fb86034f2e714fa1,59,162.76,35.02538461538462,4.1875,7,3,2,11.864406779661017,3.389830508474576,Delivery_Risk
01fdefa7697d26ad920e9e0346d4bd1b,128,117.53946153846155,21.502153846153846,4.372093023255814,7,8,1,5.46875,0.78125,Strong_Performer
0241d4d5d36f10f80c644447315af0bd,238,139.62304878048784,31.71589430894309,4.3061224489795915,27,14,4,11.344537815126051,1.680672268907563,Strong_Performer
04308b1ee57b6625f47df1d56f00eedf,92,641.2152173913043,32.05239130434783,3.9456521739130435,18,11,3,19.565217391304348,3.260869565217391,Critical_Seller
0432ead42b6c8a0bdf68154add917fdf,82,101.76206896551726,15.59977011494253,4.551724137931035,6,3,1,7.317073170731707,1.2195121951219512,Strong_Performer
048c2757535328e0d7dac690ad3c0aae,50,181.3016,24.9466,4.244897959183674,7,7,5,14.000000000000002,10.0,Delivery_Risk
0509040ea3fe50071181bbc359eb7738,87,45.48677083333334,17.327916666666667,4.494736842105263,1,6,0,1.1494252873563218,0.0,Strong_Performer
056b4ada5bbc2c50cc7842547dda6b51,64,192.66738461538463,20.177076923076925,4.15625,9,7,5,14.0625,7.8125,Delivery_Risk
058fd0aa2bfdb2274e05e1ae971dabb6,60,131.0285714285714,15.622380952380952,4.380952380952381,6,5,3,10.0,5.0,Delivery_Risk
05d2173d43ea568aa0540eba70d2ca76,62,97.2169696969697,27.976060606060607,4.0,11,4,3,17.741935483870968,4.838709677419355,Critical_Seller
05f51e13da97139648b8125c31e5f51b,57,249.96183333333332,36.2045,4.25,8,9,5,14.035087719298245,8.771929824561402,Delivery_Risk
05ff92fedb5be47920fea08e501238b9,57,391.753,31.11916666666667,4.283333333333333,3,3,2,5.263157894736842,3.508771929824561,Delivery_Risk
062ce95fa2ad4dfaedfc79260130565f,54,155.6033898305085,25.28050847457627,4.016949152542373,7,2,2,12.962962962962962,3.7037037037037033,Delivery_Risk
06579cb253ecd5a3a12a9e6eb6bf8f47,61,90.71985714285715,27.789142857142856,3.842857142857143,16,11,2,26.229508196721312,3.278688524590164,Critical_Seller
066a6914e1ebf3ea95a216c73a986b91,66,137.6038888888889,27.04041666666667,3.9722222222222223,11,3,3,16.666666666666664,4.545454545454546,Critical_Seller
06a2c3af7b3aee5d69171b0e14f0ee87,389,96.11855721393034,32.24532338308458,4.022784810126582,62,95,29,15.938303341902312,7.455012853470437,Delivery_Risk
06e5eefc71ec47ae763c5c6f8db7064f,90,247.4362365591398,24.636451612903226,3.956043956043956,13,2,0,14.444444444444443,0.0,Strong_Performer
080102cd0a76b09e0dcf55fcacc60e05,122,46.685703125,18.695078125,4.53125,5,5,1,4.098360655737705,0.819672131147541,Strong_Performer
080199a181c46c657dc5aa235411be3b,79,191.50746987951808,13.74433734939759,4.609756097560975,1,2,1,1.2658227848101267,1.2658227848101267,Strong_Performer
08633c14ef2db992c11f840f04fad4cd,74,129.29278350515463,27.307731958762886,4.237113402061856,11,6,1,14.864864864864865,1.3513513513513513,Strong_Performer
09f952a5f58d2285b0372551ae8f9b01,50,260.03285714285715,36.902857142857144,3.875,9,3,2,18.0,4.0,Critical_Seller
0adac9fbd9a2b63cccaac4f8756c1ca8,106,200.2305223880597,31.598955223880598,4.007462686567164,14,7,3,13.20754716981132,2.8301886792452833,Strong_Performer
0b35c634521043bf4b47e21547b99ab5,50,399.9335064935065,37.12220779220779,3.526315789473684,19,9,7,38.0,14.000000000000002,Critical_Seller
0b90b6df587eb83608a64ea8b390cf07,163,217.7237799043062,27.930287081339713,4.016826923076923,36,7,1,22.085889570552148,0.6134969325153374,Customer_Product_Risk
0bae85eb84b9fb3bd773911e89288d54,136,61.07351724137931,23.50413793103448,4.227586206896552,11,1,0,8.088235294117647,0.0,Strong_Performer
0be8ff43f22e456b4e0371b2245e4d01,156,77.09880000000001,19.329142857142855,3.9657142857142857,32,11,3,20.51282051282051,1.9230769230769231,Customer_Product_Risk
0c7533c71df861ec58ad7ff999ed0e8d,61,62.949315068493156,18.513835616438357,4.082191780821918,12,3,1,19.672131147540984,1.639344262295082,Customer_Product_Risk
0c8380b62e38e8a1e6adbeba7eb9688c,180,115.31119266055046,27.59339449541284,4.060185185185185,31,11,5,17.22222222222222,2.7777777777777777,Customer_Product_Risk
0d85bbda9889ce1f7e63778d24f346eb,51,147.06551724137933,49.03068965517241,4.211538461538462,6,11,2,11.76470588235294,3.9215686274509802,Delivery_Risk
0db783cfcd3b73998abc6e10e59a102f,132,74.62773722627738,15.944160583941605,4.213235294117647,17,5,3,12.878787878787879,2.272727272727273,Strong_Performer
0dd184061fb0eaa7ca37932c68ab91c5,161,139.69217616580312,44.57259067357513,3.953125,29,19,8,18.012422360248447,4.968944099378882,Critical_Seller
0df3984f9dfb3d49ac6366acbd3bbb85,86,118.81681818181819,18.19068181818182,4.340909090909091,9,1,1,10.465116279069768,1.1627906976744187,Strong_Performer
0ea22c1cfbdc755f86b9b54b39c16043,234,56.01498113207547,20.97166037735849,4.342911877394636,20,4,1,8.547008547008547,0.4273504273504274,Strong_Performer
1025f0e2d44d7041d6cf58b6550e0bfa,910,168.93508450704226,46.54753521126761,3.8693181818181817,276,131,20,30.32967032967033,2.197802197802198,Customer_Product_Risk
1127b7f2594683f2510f1c2c834a486b,110,85.317265625,22.801875,4.1796875,20,8,6,18.181818181818183,5.454545454545454,Critical_Seller
116ccb1a1604bc88e4d234a8c23f33de,61,33.938219178082186,18.286164383561644,4.602739726027397,3,4,0,4.918032786885246,0.0,Strong_Performer
11bfa66332777660bd0640ee84d47006,76,62.36509803921568,31.79725490196078,3.784313725490196,27,18,6,35.526315789473685,7.894736842105263,Critical_Seller
128639473a139ac0f3e5f5ade55873a5,527,23.915505415162453,19.827472924187727,4.202554744525547,60,35,11,11.385199240986717,2.0872865275142316,Strong_Performer
12b9676b00f60f3b700e83af21824c0e,133,198.31578947368422,26.508796992481205,4.537878787878788,5,2,1,3.7593984962406015,0.7518796992481203,Strong_Performer
1336efc61c316ddf92c899eb817f7cae,74,76.53294117647059,23.92094117647059,3.9411764705882355,14,8,4,18.91891891891892,5.405405405405405,Critical_Seller
1554a68530182680ad5c8b042c3ab563,246,118.82067415730337,28.307602996254683,4.2679245283018865,31,19,10,12.601626016260163,4.0650406504065035,Delivery_Risk
16090f2ca825584b5a147ab24aa30c86,398,64.4515763546798,13.939162561576355,4.07196029776675,55,44,11,13.819095477386934,2.763819095477387,Strong_Performer
165fc07beebdcb6190fba8a06db2a449,50,450.22109375,38.294375,3.6875,17,8,3,34.0,6.0,Critical_Seller
17a053fcb14bd219540cbde0df490be0,124,388.7897972972973,88.07175675675676,4.226027397260274,16,12,3,12.903225806451612,2.4193548387096775,Strong_Performer
17ca9b9e9b9ef8fdb529001b49ebb50f,115,93.12328124999999,23.251015625,4.03125,19,3,1,16.52173913043478,0.8695652173913043,Customer_Product_Risk
17e34d8224d27a541263c4c64b11a56b,247,223.48476923076925,23.020038461538462,4.2015503875969,32,21,9,12.955465587044534,3.643724696356275,Delivery_Risk
17f51e7198701186712e53a39c564617,56,918.8359016393442,189.10295081967215,4.344262295081967,5,5,1,8.928571428571429,1.7857142857142856,Strong_Performer
1835b56ce799e6a4dc4eddc053f04066,417,106.56366606170599,28.971161524500907,3.6174311926605505,137,58,22,32.853717026378895,5.275779376498801,Critical_Seller
1838dd9b8977065acf51d95e0053ea7a,62,47.74923076923076,20.90753846153846,4.338461538461538,8,3,0,12.903225806451612,0.0,Strong_Performer
18a349e75d307f4b4cc646a691ed4216,109,92.312421875,22.423359375,3.5196850393700787,37,7,3,33.94495412844037,2.7522935779816518,Customer_Product_Risk
1900267e848ceeba8fa32d80c1a5f5a8,406,83.86095602294455,28.306596558317402,3.878640776699029,98,52,14,24.137931034482758,3.4482758620689653,Critical_Seller
1a3df491d1c4f1589fc2b934ada68bf2,160,161.97602339181287,28.501286549707604,4.242690058479532,16,9,3,10.0,1.875,Strong_Performer
1b4c3a6f53068f0b6944d2d005c9fc89,111,147.5833043478261,29.371130434782607,4.140350877192983,15,7,1,13.513513513513514,0.9009009009009009,Strong_Performer
1b8356dabde1d35e17cef975c3f82730,55,67.87166666666667,18.960166666666666,4.133333333333334,6,1,1,10.909090909090908,1.8181818181818181,Strong_Performer
1bb2bdb95f4841f1bba2c0d2cd83d3c9,79,61.341686746987946,14.553855421686748,4.573170731707317,4,6,2,5.063291139240507,2.5316455696202533,Strong_Performer
1c129092bf23f28a5930387c980c0dfc,200,62.724520547945204,18.54566210045662,4.18348623853211,27,11,3,13.5,1.5,Strong_Performer
1c68394e931a64f90ea236c5ea590300,142,210.42233918128656,25.794444444444448,3.9298245614035086,26,6,4,18.30985915492958,2.8169014084507045,Customer_Product_Risk
1ca7077d890b907f89be8c954a02686a,108,140.8171653543307,17.824488188976378,2.2698412698412698,80,25,6,74.07407407407408,5.555555555555555,Critical_Seller
1d8dbc4f32378d715c717c1c1fc57bae,91,148.47536082474227,24.060927835051544,3.9263157894736844,17,9,4,18.681318681318682,4.395604395604396,Critical_Seller
1da3aeb70d7989d1e6d9b0e887f97c23,261,40.59475308641976,22.26429012345679,4.080495356037152,50,16,5,19.157088122605366,1.9157088122605364,Customer_Product_Risk
1e8b33f18b4f7598d87f5cbee2282cc2,122,162.46906474820145,25.020000000000003,4.306569343065694,19,6,1,15.573770491803279,0.819672131147541,Strong_Performer
1eade46fba20122dc4aefb379f8c636b,58,62.4644,21.9936,4.306666666666667,7,10,7,12.068965517241379,12.068965517241379,Delivery_Risk
1f50f920176fa81dab994f9023523100,1399,114.37159397715473,36.12015576323987,3.9924400417101147,339,182,64,24.231593995711222,4.5746962115797,Critical_Seller
1f9ab4708f3056ede07124aad39a2554,76,177.87441558441557,31.635324675324675,4.105263157894737,6,4,2,7.894736842105263,2.631578947368421,Strong_Performer
2138ccb85b11a4ec1e37afbd1c8eda1f,388,33.91713603818616,16.700143198090693,3.916267942583732,73,23,11,18.814432989690722,2.8350515463917527,Customer_Product_Risk
213b25e6f54661939f11710a6fddb871,152,117.15157894736842,27.72021052631579,3.823529411764706,37,21,3,24.342105263157894,1.9736842105263157,Customer_Product_Risk
218d46b86c1881d022bce9c68a7d4b15,382,154.47233333333332,21.715261904761903,4.173444976076555,51,38,21,13.350785340314136,5.49738219895288,Delivery_Risk
229c3efbfb0ea2058de4ccdfbc3d784a,118,150.93103448275863,22.742689655172413,3.6433566433566433,37,3,3,31.35593220338983,2.5423728813559325,Customer_Product_Risk
23613d49c3ac2bd302259e55c06c050c,69,75.28126582278482,34.7279746835443,3.6923076923076925,22,11,4,31.88405797101449,5.797101449275362,Critical_Seller
23d7c96d4a1160db1c726b248601b25a,50,219.81846153846152,26.280192307692307,3.93,8,6,0,16.0,0.0,Strong_Performer
2528513dd95219a6013d4d05176e391a,160,212.57451807228918,25.21024096385542,3.96319018404908,28,9,4,17.5,2.5,Customer_Product_Risk
259f7b5e6e482c230e5bfaa670b6bb8f,136,69.37179012345679,22.93450617283951,4.273291925465839,20,3,1,14.705882352941178,0.7352941176470588,Strong_Performer
25c5c91f63607446a97b143d2d535d31,156,519.1366165413534,81.13853383458645,3.7339622641509433,56,16,5,35.8974358974359,3.205128205128205,Critical_Seller
25cf099de44674fde97473224f9d59ab,50,33.0872,14.103800000000001,4.326530612244898,5,2,0,10.0,0.0,Strong_Performer
25e6ffe976bd75618accfe16cefcbd0d,106,145.50417391304347,17.907652173913043,4.417391304347826,10,6,2,9.433962264150944,1.8867924528301887,Strong_Performer
282f23a9769b2690c5dda22e316f9941,98,96.98422018348624,21.187798165137618,4.330275229357798,4,5,1,4.081632653061225,1.0204081632653061,Strong_Performer
289cdb325fb7e7f891c38608bf9e0962,109,137.25144,23.21464,4.592,6,2,1,5.5045871559633035,0.9174311926605505,Strong_Performer
2a261b5b644fa05f4f2700eb93544f2c,51,146.25146341463415,60.89414634146341,3.3536585365853657,30,18,6,58.82352941176471,11.76470588235294,Critical_Seller
2a7dc43cecabf23403078e2188437d1d,52,93.6575925925926,16.887407407407405,4.092592592592593,6,4,1,11.538461538461538,1.9230769230769231,Strong_Performer
2a84855fd20af891be03bc5924d2b453,155,102.05911949685535,22.185471698113208,4.360759493670886,13,5,4,8.38709677419355,2.5806451612903225,Strong_Performer
2b3e4a2a3ea8e01938cabda2a3e5cc79,52,578.2968518518518,20.403518518518517,4.388888888888889,4,0,0,7.6923076923076925,0.0,Strong_Performer
2c9e548be18521d1c43cde1c582c6de8,124,51.58684210526316,25.299883040935672,3.9523809523809526,32,29,21,25.806451612903224,16.93548387096774,Critical_Seller
2dee2ce60de9709b1a24083217181a1f,54,146.73636363636365,38.156727272727274,4.363636363636363,4,2,0,7.4074074074074066,0.0,Strong_Performer
2e1c9f22be269ef4643f826c9e650a52,161,77.23365269461078,15.070958083832334,4.234939759036145,18,11,5,11.180124223602485,3.1055900621118013,Strong_Performer
2e90cb1677d35cfe24eef47d441b7c87,127,118.42489051094891,24.907007299270074,4.036496350364963,23,17,3,18.11023622047244,2.3622047244094486,Customer_Product_Risk
2eb70248d66e0e3ef83659f71b244378,187,219.0325888324873,18.108883248730965,2.806701030927835,92,28,10,49.19786096256685,5.347593582887701,Critical_Seller
2ff97219cb8622eaf3cd89b7d9c09824,87,53.65202127659575,16.561914893617022,4.553191489361702,3,6,2,3.4482758620689653,2.2988505747126435,Strong_Performer
3078096983cf766a32a06257648502d1,56,158.86262295081968,29.771967213114753,4.295081967213115,7,3,1,12.5,1.7857142857142856,Strong_Performer
30a2f535bb48308f991d0b9ad4a8c4bb,71,84.33793103448275,19.172298850574713,4.252873563218391,12,3,0,16.901408450704224,0.0,Customer_Product_Risk
318f287a62ab7ac10b703ac37435a231,51,70.9911475409836,27.237704918032787,3.918032786885246,12,7,1,23.52941176470588,1.9607843137254901,Customer_Product_Risk
33a6f4b1e7cdc205511e76ba1b6e0186,105,116.21960317460318,20.611507936507937,4.357142857142857,13,2,1,12.380952380952381,0.9523809523809524,Strong_Performer
34056b8b55c1775a22af2331670a799c,77,83.1,22.746883116883115,4.038961038961039,11,9,2,14.285714285714285,2.5974025974025974,Strong_Performer
3504c0cb71d7fa48d967e0e4c94d59d9,53,44.525283018867924,13.026792452830188,4.415094339622642,2,0,0,3.7735849056603774,0.0,Strong_Performer
36a968b544695394e4e9d7572688598f,148,49.937820512820515,14.878269230769229,3.7275641025641026,34,7,1,22.972972972972975,0.6756756756756757,Customer_Product_Risk
37515688008a7a40ac93e3b2e4ab203f,227,28.617949790794977,16.062594142259414,4.0928270042194095,25,24,10,11.013215859030836,4.405286343612335,Delivery_Risk
376a891762bbdecbc02b4b6adec3fdda,57,117.33155172413792,22.99344827586207,4.672413793103448,1,2,1,1.7543859649122806,1.7543859649122806,Strong_Performer
37be5a7c751166fbc5f8ccba4119e043,269,208.72492805755394,23.202194244604318,4.323636363636363,25,7,1,9.293680297397769,0.37174721189591076,Strong_Performer
391fc6631aebcf3004804e51b40bcf1e,521,90.46447933884298,23.886363636363637,3.9791666666666665,93,58,18,17.85028790786948,3.45489443378119,Critical_Seller
3b15288545f8928d3e65a8f949a28291,101,177.7350847457627,33.20669491525424,3.948717948717949,19,8,4,18.81188118811881,3.9603960396039604,Critical_Seller
3bdff180c7e1f6551a643b99c265a120,56,56.341379310344834,18.574827586206894,4.175438596491228,6,4,2,10.714285714285714,3.571428571428571,Delivery_Risk
3be634553519fb6536a03e1358e9fdc7,80,77.53073684210527,26.544210526315787,4.010526315789473,16,8,1,20.0,1.25,Customer_Product_Risk
3c7c4a49ec3c6550809089c6a2ca9370,139,33.159050632911395,15.39113924050633,3.7341772151898733,42,13,7,30.215827338129497,5.0359712230215825,Critical_Seller
3d871de0142ce09b7081e2b9d1733cb1,1064,92.70388152077807,22.332749778956675,4.150134048257373,130,67,28,12.218045112781954,2.631578947368421,Strong_Performer
3db66a856d18a9cba7c9241fc5221c50,94,102.24432989690722,22.25701030927835,4.185567010309279,10,11,1,10.638297872340425,1.0638297872340425,Strong_Performer
3df020b72d3d44b3af9d110fa3940b65,55,129.4069306930693,44.359900990099014,3.9504950495049505,17,12,4,30.909090909090907,7.2727272727272725,Critical_Seller
41b39e28db005d9731d9d485a83b4c38,187,108.9457399103139,26.06811659192825,4.242152466367713,24,13,5,12.834224598930483,2.6737967914438503,Strong_Performer
42b729f859728f5079499127a9c2ef37,103,52.603511450381674,15.76610687022901,4.364341085271318,12,13,9,11.650485436893204,8.737864077669903,Delivery_Risk
431af27f296bc6519d890aa5a05fdb11,116,118.30879032258065,20.25895161290323,3.796747967479675,30,19,9,25.862068965517242,7.758620689655173,Critical_Seller
4371b634e0efc0e22b09b52907d9d469,101,101.6245045045045,17.00702702702703,4.4363636363636365,9,8,3,8.91089108910891,2.9702970297029703,Strong_Performer
44073f8b7e41514de3b7815dd0237f4f,142,137.098940397351,23.318278145695363,3.7466666666666666,31,7,2,21.830985915492956,1.4084507042253522,Customer_Product_Risk
440dd6ab244315c632130ecfb63827b1,91,145.8913043478261,22.7625,3.891304347826087,14,12,5,15.384615384615385,5.4945054945054945,Delivery_Risk
45d33f715e24d15a6ccf5c17b3a23e3c,56,112.13086206896551,21.284310344827585,4.172413793103448,6,4,1,10.714285714285714,1.7857142857142856,Strong_Performer
46dc3b2cc0980fb8ec44634e21d2718e,503,249.2168260038241,23.79646271510516,4.263565891472868,58,33,10,11.530815109343937,1.9880715705765408,Strong_Performer
48162d548f5b1b11b9d29d1e01f75a61,66,452.58977528089883,39.34573033707865,3.8202247191011236,19,2,1,28.78787878787879,1.5151515151515151,Customer_Product_Risk
4830e40640734fc1c52cd21127c341d4,204,50.79108490566038,15.886084905660377,4.183962264150943,24,14,3,11.76470588235294,1.4705882352941175,Strong_Performer
48436dade18ac8b2bce089ec2a041202,134,95.55306122448981,23.553197278911565,4.129251700680272,18,10,5,13.432835820895523,3.731343283582089,Delivery_Risk
4869f7a5dfa277a7dca6462dcf3b52b2,1124,209.3200261324042,18.495731707317074,4.139473684210526,153,133,55,13.612099644128115,4.893238434163702,Delivery_Risk
4992e76a42cb3aad7a7047e0d3d7e729,56,57.53958904109588,26.15068493150685,3.8767123287671232,12,5,0,21.428571428571427,0.0,Customer_Product_Risk
4a3ca9315b744ce9f8e9374361493884,1772,128.26478193945613,23.42701385325808,3.828230409963674,367,214,102,20.711060948081265,5.756207674943567,Critical_Seller
4a3ccda38b2129705f3fb522db62ca31,64,287.9902739726028,30.735890410958902,3.8013698630136985,18,7,4,28.125,6.25,Critical_Seller
4b9750c8ad28220fe6702d4ecb7c898f,217,74.63203619909503,15.797873303167421,4.352941176470588,16,17,5,7.373271889400922,2.3041474654377883,Strong_Performer
4c18691b6037662be2df78a765d98ab5,63,56.64791044776119,20.45044776119403,3.8358208955223883,12,5,2,19.047619047619047,3.1746031746031744,Customer_Product_Risk
4c2b230173bb36f9b240f2b8ac11786e,258,75.75008746355685,23.377434402332362,3.75811209439528,84,31,9,32.55813953488372,3.488372093023256,Critical_Seller
4d6d651bd7684af3fffabd5f08d12e5a,363,125.97192802056556,23.61508997429306,4.201030927835052,48,18,9,13.223140495867769,2.479338842975207,Strong_Performer
4e17c65a516f69d023a2ae78b84f28d6,61,121.13175675675676,23.53175675675676,4.081081081081081,15,8,4,24.59016393442623,6.557377049180328,Critical_Seller
4e7c18b98d84e05cbae3ff0ff03846c2,81,116.52045454545454,35.876704545454544,4.172413793103448,16,4,1,19.753086419753085,1.2345679012345678,Customer_Product_Risk
4e922959ae960d389249c378d1c939f5,412,115.56100896860987,19.465896860986543,3.9027149321266967,89,48,14,21.601941747572813,3.3980582524271843,Critical_Seller
5058e8c1e82653974541e83690655b4a,62,228.36454545454546,80.23714285714286,3.08,28,10,6,45.16129032258064,9.67741935483871,Critical_Seller
50c9975695009e5e6473912e83a6d1da,50,80.75882352941177,62.639117647058825,3.985074626865672,11,7,4,22.0,8.0,Critical_Seller
516e7738bd8f735ac19a010ee5450d8d,74,88.87036585365854,21.65,4.609756097560975,3,4,0,4.054054054054054,0.0,Strong_Performer
520b493b57809f446cb0a233bb3e25c7,63,63.28616438356165,19.305753424657535,4.376712328767123,6,2,1,9.523809523809524,1.5873015873015872,Strong_Performer
522620dcb18a6b31cd7bdf73665113a9,172,367.3212359550562,28.041685393258426,3.914285714285714,33,18,8,19.186046511627907,4.651162790697675,Critical_Seller
527801b552d0077ffd170872eb49683b,90,203.61304347826083,23.846521739130434,4.483516483516484,7,9,3,7.777777777777778,3.3333333333333335,Delivery_Risk
530ec6109d11eaaf87999465c6afee01,94,143.10158415841585,28.444950495049504,4.316831683168317,9,1,0,9.574468085106384,0.0,Strong_Performer
53243585a1d6dc2643021fd1853d8905,348,655.6777999999999,43.9304,4.128140703517588,44,16,5,12.643678160919542,1.4367816091954022,Strong_Performer
5343d0649eca2a983820bfe93fc4d17e,70,164.93009090909092,44.82009090909091,3.638888888888889,31,10,3,44.285714285714285,4.285714285714286,Critical_Seller
537eb890efff034a88679788b647c564,158,34.08824561403509,18.060701754385967,4.178362573099415,17,10,3,10.759493670886076,1.89873417721519,Strong_Performer
53e4c6e0f4312d4d2107a8c9cddf45cd,463,72.2650390625,23.85865234375,4.080392156862745,74,27,10,15.982721382289416,2.159827213822894,Strong_Performer
54965bbe3e4f07ae045b90b0b8541f52,73,152.00728395061728,31.00135802469136,3.0657894736842106,32,26,24,43.83561643835616,32.87671232876712,Critical_Seller
54a1852d1b8f10312c55e906355666ee,198,88.3880198019802,17.357524752475246,4.3681592039801,16,20,7,8.080808080808081,3.535353535353535,Delivery_Risk
562fc2f2c2863ab7e79a9e4388a58a14,255,41.38856603773585,17.756415094339623,4.247148288973384,25,9,5,9.803921568627452,1.9607843137254901,Strong_Performer
5656537e588803a555b8eb41f07a944b,171,56.92475675675676,22.314162162162162,3.8216216216216217,38,14,4,22.22222222222222,2.3391812865497075,Customer_Product_Risk
57e632711dec9ec14ca7546769483e7e,62,109.70246153846153,20.794307692307694,4.446153846153846,3,0,0,4.838709677419355,0.0,Strong_Performer
582d4f8675b945722eda7c0cb61ba4c7,59,121.23802816901409,34.085915492957746,4.112676056338028,9,1,0,15.254237288135593,0.0,Strong_Performer
59b22a78efb79a4797979612b885db36,125,220.81804511278196,41.17503759398496,3.9696969696969697,27,17,7,21.6,5.6000000000000005,Critical_Seller
59fb871bf6f4522a87ba567b42dafecf,123,173.90848,16.766560000000002,4.256,10,8,1,8.130081300813007,0.8130081300813009,Strong_Performer
5a8e7d5003a1f221f9e1d6e411de7c23,137,111.40536312849163,28.789608938547488,4.189944134078212,20,11,0,14.5985401459854,0.0,Strong_Performer
5b925e1d006e9476d738aa200751b73b,63,122.9920634920635,16.719682539682537,4.603174603174603,3,4,3,4.761904761904762,4.761904761904762,Delivery_Risk
5c243662ce92d84573bfaff24c3e3700,98,334.0962,18.7246,4.1313131313131315,11,3,0,11.224489795918368,0.0,Strong_Performer
5cf13accae3222c70a9cac40818ae839,148,103.54541935483871,21.697870967741935,4.461038961038961,12,5,1,8.108108108108109,0.6756756756756757,Strong_Performer
5d0363b33554b373851fc1622e4d5f3c,93,71.66265957446808,24.13936170212766,4.085106382978723,11,8,3,11.827956989247312,3.225806451612903,Delivery_Risk
5dceca129747e92ff8ef7a997dc4f8ca,322,339.6764139941691,44.721545189504376,4.017699115044247,64,20,7,19.875776397515526,2.1739130434782608,Customer_Product_Risk
5f1dc28029d2c244352a68107ec2b542,62,62.529230769230765,20.925128205128207,4.428571428571429,6,6,0,9.67741935483871,0.0,Strong_Performer
5f2684dab12e59f83bef73ae57724e45,67,141.23438356164385,17.28890410958904,3.7534246575342465,18,4,2,26.865671641791046,2.9850746268656714,Customer_Product_Risk
6039e27294dc75811c0d8a39069f52c0,63,314.07540540540543,58.976621621621625,3.864864864864865,13,19,6,20.634920634920633,9.523809523809524,Critical_Seller
609e1a9a6c2539919b8205cf7c4e6ff0,87,106.90592307692307,45.41784615384615,3.598360655737705,32,3,2,36.7816091954023,2.2988505747126435,Customer_Product_Risk
612170e34b97004b3ba37eae81836b4c,107,214.39745454545456,23.27709090909091,4.427272727272728,8,2,0,7.476635514018691,0.0,Strong_Performer
620c87c171fb2a6dd6e8bb4dec959fc6,722,162.39870179948588,20.534935732647817,4.26797385620915,95,74,34,13.157894736842104,4.7091412742382275,Delivery_Risk
624f4ece8da4aafb77699233d480f8ef,52,190.92000000000002,35.019444444444446,4.185185185185185,7,4,2,13.461538461538462,3.8461538461538463,Delivery_Risk
634964b17796e64304cadf1ad3050fb7,265,223.58965944272447,33.46513931888545,3.873065015479876,61,31,13,23.0188679245283,4.905660377358491,Critical_Seller
640e21a7d01df7614a3b4923e990d40c,115,91.16985294117647,29.161691176470587,4.286764705882353,11,9,2,9.565217391304348,1.7391304347826086,Strong_Performer
643214e62b870443ccbe55ab29a4dccf,65,49.22772727272727,13.73121212121212,4.409090909090909,3,9,1,4.615384615384616,1.5384615384615385,Strong_Performer
6560211a19b47992c3666cc44a7e94c0,1819,71.46157815631263,16.67420340681363,3.950480040424457,330,124,26,18.141836173721828,1.4293567894447499,Customer_Product_Risk
66922902710d126a0e7d26b0e3805106,150,100.23354838709677,22.409548387096773,4.474025974025974,9,11,3,6.0,2.0,Strong_Performer
669ae81880e08f269a64487cfb287169,161,87.97902702702703,24.889567567567568,4.1521739130434785,25,7,3,15.527950310559005,1.8633540372670807,Strong_Performer
670c26e0f1bf8d0576271d5cfaec6d2b,77,91.51511627906977,26.148488372093023,4.348837209302325,6,4,4,7.792207792207792,5.194805194805195,Delivery_Risk
6860153b69cc696d5dcfe1cdaaafcf62,74,56.09773809523809,24.426904761904762,4.156626506024097,12,7,4,16.216216216216218,5.405405405405405,Delivery_Risk
688756f717c462a206ad854c5027a64a,81,89.73656565656566,31.145050505050506,3.7916666666666665,18,9,2,22.22222222222222,2.4691358024691357,Customer_Product_Risk
6973a06f484aacf400ece213dbf3d946,89,170.33694444444444,20.823333333333334,3.6728971962616823,26,18,6,29.213483146067414,6.741573033707865,Critical_Seller
6a8b085f816a1f75f92dbac6eb545f8f,125,49.92308270676691,18.543233082706767,4.176691729323308,13,12,6,10.4,4.8,Delivery_Risk
6b243f80ed07b10f0e8aa0f21a205f3c,79,98.01977528089888,25.536404494382026,4.022471910112359,15,3,2,18.9873417721519,2.5316455696202533,Customer_Product_Risk
6c177e38df6d3f34182b1f1d427231bf,53,152.0535185185185,19.263703703703705,4.148148148148148,7,2,0,13.20754716981132,0.0,Strong_Performer
6c7d50c24b3ccd2fd83b44d8bb34e073,112,91.07412698412699,28.427936507936508,4.44,7,2,1,6.25,0.8928571428571428,Strong_Performer
6cd68b3ed6d59aaa9fece558ad360c0a,149,78.36541401273885,18.033949044585988,4.445859872611465,6,3,1,4.026845637583892,0.6711409395973155,Strong_Performer
6d66611d7c44cc30ce351abc49a68421,164,88.9948275862069,21.133735632183907,3.9302325581395348,28,12,2,17.073170731707318,1.2195121951219512,Customer_Product_Risk
6d803cb79cc31c41c4c789a75933b3c7,58,164.06969696969696,22.32621212121212,4.28030303030303,5,4,3,8.620689655172415,5.172413793103448,Delivery_Risk
6edacfd9f9074789dad6d62ba7950b9c,205,70.20652777777778,16.299305555555556,4.393518518518518,18,12,1,8.780487804878048,0.4878048780487805,Strong_Performer
6fd52c528dcb38be2eea044946b811f8,67,155.90416666666664,22.39595238095238,3.5,28,9,2,41.7910447761194,2.9850746268656714,Customer_Product_Risk
7008613ea464bad5cb9b83456e1e6a8f,123,78.05986842105263,31.374144736842105,4.291390728476821,11,6,3,8.94308943089431,2.4390243902439024,Strong_Performer
701938c450705b8ae65fc923b70f35c7,74,286.8154054054054,89.38576576576577,3.7545454545454544,20,6,2,27.027027027027028,2.7027027027027026,Customer_Product_Risk
7040e82f899a04d1b434b795a43b4617,208,48.53,16.701165919282513,3.5863636363636364,61,20,7,29.326923076923077,3.3653846153846154,Critical_Seller
709e16e2b25c7474d980076c6bfc4806,60,103.405,27.353749999999998,4.525,1,2,1,1.6666666666666667,1.6666666666666667,Strong_Performer
70a12e78e608ac31179aea7f8422044b,312,99.15851393188855,18.530866873065015,3.794392523364486,65,35,14,20.833333333333336,4.487179487179487,Critical_Seller
70c27847eca8195c983ed7e798c56743,77,184.44530612244898,22.758673469387755,4.204081632653061,18,9,2,23.376623376623375,2.5974025974025974,Customer_Product_Risk
70eea00b476a314817cefde4aad4f89a,106,299.961875,27.18705357142857,4.378378378378378,9,8,4,8.49056603773585,3.7735849056603774,Delivery_Risk
710e3548e02bc1d2831dfc4f1b5b14d4,131,175.02423357664233,29.73124087591241,3.463235294117647,41,6,4,31.297709923664126,3.0534351145038165,Customer_Product_Risk
712e6ed8aa4aa1fa65dab41fed5737e4,77,492.67058823529413,91.17435294117647,3.4642857142857144,29,18,11,37.66233766233766,14.285714285714285,Critical_Seller
7142540dd4c91e2237acb7e911c4eba2,316,121.03844512195123,22.77655487804878,4.061349693251533,44,26,12,13.924050632911392,3.79746835443038,Delivery_Risk
715bbd5ba4e6b74cb0d2f29eb45058b0,62,69.9984375,22.2196875,4.46875,4,5,4,6.451612903225806,6.451612903225806,Delivery_Risk
7178f9f4dd81dcef02f62acdf8151e01,202,177.94586046511628,23.778604651162787,4.046728971962617,32,10,2,15.841584158415841,0.9900990099009901,Strong_Performer
7202e2ba20579a9bd1acb29e61fe71f6,51,241.64716981132074,22.589622641509433,3.9423076923076925,9,3,1,17.647058823529413,1.9607843137254901,Customer_Product_Risk
725c32fa80c2faacc4fc88450d27314e,89,92.40806451612904,15.636451612903226,4.538461538461538,2,1,1,2.247191011235955,1.1235955056179776,Strong_Performer
7299e27ed73d2ad986de7f7c77d919fa,335,106.90972067039107,23.015502793296086,4.430167597765363,25,17,3,7.462686567164178,0.8955223880597015,Strong_Performer
729f06993dac8e860d4f02d7088ca48a,94,199.69247787610618,51.63256637168142,4.330357142857143,10,11,4,10.638297872340425,4.25531914893617,Delivery_Risk
744dac408745240a2c2528fb1b6028f3,78,322.86265060240964,28.22734939759036,4.554216867469879,3,1,0,3.8461538461538463,0.0,Strong_Performer
750303a20e9c56b2a6bc45cdce0b897d,53,200.8785714285714,23.93285714285714,4.339285714285714,5,2,2,9.433962264150944,3.7735849056603774,Delivery_Risk
751bdc4d83a466c7206cd42e8f426b03,51,155.00235294117647,24.772058823529413,3.712121212121212,18,1,1,35.294117647058826,1.9607843137254901,Customer_Product_Risk
75d34ebb1bd0bd7dde40dd507b8169c3,57,257.075671641791,27.006567164179106,3.985074626865672,13,10,4,22.807017543859647,7.017543859649122,Critical_Seller
7681ef142fd2c19048da7430856b5588,58,822.5482894736842,66.24052631578947,4.162162162162162,11,9,2,18.96551724137931,3.4482758620689653,Critical_Seller
76d5af76d0271110f9af36c92573f765,128,254.6370322580645,31.697548387096774,4.097402597402597,23,13,3,17.96875,2.34375,Customer_Product_Risk
76d64c4aca3a7baf218bf93ef7fa768d,64,272.55347826086955,57.51434782608696,4.1231884057971016,12,2,1,18.75,1.5625,Customer_Product_Risk
7722b1df1b0e383e000397b2c11e3e19,133,61.352291666666666,19.783194444444444,4.223776223776224,16,4,1,12.030075187969924,0.7518796992481203,Strong_Performer
77530e9772f57a62c906e1c21538ab82,312,182.03934383202102,33.97559055118111,4.081364829396326,64,44,16,20.51282051282051,5.128205128205128,Critical_Seller
79ebd9a61bac3eaf882805ed4ecfa12a,133,115.08757142857144,31.8795,4.014285714285714,20,8,1,15.037593984962406,0.7518796992481203,Strong_Performer
7a241947449cc45dbfda4f9d0798d9d0,56,257.159696969697,86.41909090909091,3.7846153846153845,14,4,1,25.0,1.7857142857142856,Customer_Product_Risk
7a67c85e85bb2ce8582c35f2203ad736,1145,125.5071948051948,18.623186147186146,4.268090671316478,115,68,21,10.043668122270741,1.8340611353711789,Strong_Performer
7aa4334be125fcdd2ba64b3180029f14,214,79.8620253164557,22.108354430379748,4.080508474576271,37,32,14,17.289719626168225,6.5420560747663545,Critical_Seller
7ad32824caee82087b3e2e5f33b1bf32,147,163.86311111111112,29.723222222222223,3.785310734463277,36,23,8,24.489795918367346,5.442176870748299,Critical_Seller
7b07b3c7487f0ea825fc6df75abd658b,91,103.19572916666668,14.837395833333334,4.395833333333333,10,4,3,10.989010989010989,3.296703296703297,Delivery_Risk
7c67e1448b00f6e969d365cea6b010ab,973,290.701852398524,82.29457564575645,3.3474387527839644,395,130,55,40.59609455292909,5.65262076053443,Critical_Seller
7d13fca15225358621be4086e1eb0964,558,208.51889667250438,15.375026269702275,4.017605633802817,100,68,36,17.921146953405017,6.451612903225806,Critical_Seller
7d456afc660226829370f3173d14520c,55,225.6161797752809,47.1747191011236,4.258426966292135,9,5,4,16.363636363636363,7.2727272727272725,Delivery_Risk
7d76b645482be4a332374e8223836592,172,23.93366120218579,15.479508196721312,3.9668508287292816,27,20,8,15.69767441860465,4.651162790697675,Delivery_Risk
7ddcbb64b5bc1ef36ca8c151f6ec77df,325,169.0159880239521,24.362604790419162,3.9773413897280965,54,28,14,16.615384615384617,4.3076923076923075,Critical_Seller
7e1fb0a3ebfb01ffb3a7dae98bf3238d,155,180.31544378698226,20.905384615384616,4.155688622754491,19,23,7,12.258064516129032,4.516129032258064,Delivery_Risk
7e3f87d16fb353f408d467e74fbd8014,91,52.94225806451613,16.038602150537635,4.161290322580645,10,11,3,10.989010989010989,3.296703296703297,Delivery_Risk
7e93a43ef30c4f03f38b393420bc753a,319,521.4588819875777,19.08083850931677,4.364485981308412,26,18,6,8.150470219435736,1.8808777429467085,Strong_Performer
7ea5bfa6c340f58f8e71fc1f0412b0d6,96,115.62970588235294,18.303627450980393,4.138613861386139,11,7,5,11.458333333333332,5.208333333333334,Delivery_Risk
80e6699fe29150b372a0c8a1ebf7dcc8,96,118.86551020408163,28.290204081632652,4.350515463917525,8,4,1,8.333333333333332,1.0416666666666665,Strong_Performer
813348c996469b40f2e028d5429d3495,172,71.53092307692307,22.617641025641028,4.005208333333333,32,9,3,18.6046511627907,1.744186046511628,Customer_Product_Risk
8160255418d5aaa7dbdc9f4c64ebda44,380,145.77252358490566,24.123419811320755,3.8544152744630074,83,76,28,21.842105263157897,7.368421052631578,Critical_Seller
81a1104df0f08b59c68aa5b03cfe398e,72,129.45805555555555,24.922916666666666,4.314285714285714,5,4,0,6.944444444444445,0.0,Strong_Performer
822166ed1e47908f7cfb49946d03c726,69,68.8212037037037,38.29388888888889,3.9245283018867925,21,1,1,30.434782608695656,1.4492753623188406,Customer_Product_Risk
827f8f69dfa529c561901c4f2e0f332f,91,44.6026923076923,21.035961538461535,4.259803921568627,13,9,3,14.285714285714285,3.296703296703297,Delivery_Risk
834f3294fba9f932f56edc879193f925,66,606.7772727272728,65.45575757575757,4.545454545454546,3,4,2,4.545454545454546,3.0303030303030303,Strong_Performer
8444e55c1f13cd5c179851e5ca5ebd00,92,254.49068627450978,26.36137254901961,3.156862745098039,39,11,2,42.391304347826086,2.1739130434782608,Customer_Product_Risk
850f4f8af5ea87287ac68de36e29107f,186,244.67078534031415,17.521623036649217,4.288770053475936,18,12,5,9.67741935483871,2.6881720430107525,Strong_Performer
855668e0971d4dfd7bef1b6a4133b41b,300,103.84935691318329,25.607684887459808,3.8306188925081432,66,43,21,22.0,7.000000000000001,Critical_Seller
8581055ce74af1daba164fdbd55a40de,379,190.31734741784038,27.377206572769953,4.263529411764706,46,42,16,12.137203166226913,4.221635883905013,Delivery_Risk
85d9eb9ddc5d00ca9336a2219c97bb13,499,31.821875,17.74791015625,4.210216110019647,48,18,5,9.619238476953909,1.002004008016032,Strong_Performer
8648b1e89e9b349e32d3741b30ec737e,93,78.2665,16.5698,4.12,15,10,1,16.129032258064516,1.0752688172043012,Strong_Performer
86ccac0b835037332a596a33b6949ee1,178,108.68024038461539,30.64014423076923,4.031400966183575,36,6,2,20.224719101123593,1.1235955056179776,Customer_Product_Risk
87142160b41353c4e5fca2360caf6f92,305,117.91442477876106,27.489410029498526,4.362426035502959,23,19,6,7.540983606557377,1.9672131147540985,Strong_Performer
88460e8ebdecbfecb5f9601833981930,246,160.66386666666668,26.7712,3.37123745819398,95,59,26,38.61788617886179,10.569105691056912,Critical_Seller
891071be6ba827b591264c90c2ae8a63,85,46.95755555555556,14.816333333333334,3.8555555555555556,21,15,7,24.705882352941178,8.235294117647058,Critical_Seller
897060da8b9a21f655304d50fd935913,304,105.16232445520582,31.704963680387408,3.4706601466992666,120,50,16,39.473684210526315,5.263157894736842,Critical_Seller
8a130737016f838139d31878787a39c9,56,81.3908064516129,16.659193548387098,4.354838709677419,5,4,1,8.928571428571429,1.7857142857142856,Strong_Performer
8a32e327fe2c1b3511609d81aaf9f042,126,56.07159763313609,26.29810650887574,3.940119760479042,26,10,0,20.634920634920633,0.0,Customer_Product_Risk
8a432f4e5b471f8da497d7dc517666e2,95,91.58962264150944,23.68075471698113,4.201923076923077,13,7,1,13.684210526315791,1.0526315789473684,Strong_Performer
8ae520247981aa06bc94abddf5f46d34,65,251.09215384615385,22.236153846153844,4.446153846153846,6,1,0,9.230769230769232,0.0,Strong_Performer
8b28d096634035667e8263d57ba3368c,139,71.58655629139072,20.793245033112584,3.8986486486486487,26,20,6,18.705035971223023,4.316546762589928,Critical_Seller
8b321bb669392f5163d04c59e235e066,930,21.765134328358208,17.046268656716418,4.021978021978022,164,103,32,17.634408602150536,3.4408602150537635,Critical_Seller
8bb48dc19fccaa8613b6229bf7f452a2,82,65.83494736842106,27.347578947368422,4.336842105263158,10,2,0,12.195121951219512,0.0,Strong_Performer
8c16d1f32a54d92897cc437244442e1b,108,57.07813559322034,21.052711864406778,4.327586206896552,9,2,2,8.333333333333332,1.8518518518518516,Strong_Performer
8cbac7e12637ed9cffa18c7875207478,66,56.54530864197531,32.370246913580246,4.185185185185185,8,4,1,12.121212121212121,1.5151515151515151,Strong_Performer
8d956fec2e4337affcb520f56fd8cbfd,210,57.29422907488986,16.94458149779736,4.202643171806168,23,22,4,10.952380952380953,1.9047619047619049,Strong_Performer
8e6cc767478edae941d9bd9eb778d77a,100,61.384351851851854,22.983055555555556,4.018867924528302,17,8,3,17.0,3.0,Customer_Product_Risk
8e6d7754bc7e0f22c96d255ebda59eba,84,526.9302325581396,58.463720930232554,2.988372093023256,58,16,3,69.04761904761905,3.571428571428571,Critical_Seller
8e8a7ce9f2f970dc00e2acf6f6e199f6,63,141.859375,18.4446875,4.015625,8,6,1,12.698412698412698,1.5873015873015872,Strong_Performer
8f119a0aee85c0c8fc534629734e94fd,75,52.099259259259256,15.17,4.246913580246914,7,5,1,9.333333333333334,1.3333333333333335,Strong_Performer
8f2ce03f928b567e3d56181ae20ae952,151,181.89418604651163,30.31697674418605,4.116959064327485,22,25,10,14.56953642384106,6.622516556291391,Delivery_Risk
900ba814c251a692506d7834c1218441,86,337.2811627906977,28.338023255813955,4.226190476190476,7,12,3,8.13953488372093,3.488372093023256,Delivery_Risk
91f848e9f4be368f4318775aac733370,60,113.38585714285715,25.003714285714285,4.367647058823529,3,2,0,5.0,0.0,Strong_Performer
92eb0f42c21942b6552362b9b114707d,334,21.099022346368713,15.466033519553074,3.957865168539326,57,27,2,17.065868263473057,0.5988023952095809,Customer_Product_Risk
94144541854e298c2d976cb893b81343,68,270.4694736842105,28.955657894736845,4.333333333333333,8,3,1,11.76470588235294,1.4705882352941175,Strong_Performer
951e8cef368f09bb3f3d03c00ca4702c,62,73.97507246376811,26.983478260869564,4.164179104477612,8,6,1,12.903225806451612,1.6129032258064515,Strong_Performer
955fee9216a65b617aa5c0531780ce60,1261,133.3087839673913,24.378913043478263,4.088235294117647,196,119,28,15.543219666931007,2.2204599524187154,Strong_Performer
95e03ca3d4146e4011985981aeb959b9,172,68.96615789473684,21.74284210526316,4.013297872340425,28,6,1,16.27906976744186,0.5813953488372093,Strong_Performer
95f83f51203c626648c875dd41874c7f,50,70.80938461538463,42.73676923076923,3.2153846153846155,29,3,0,57.99999999999999,0.0,Customer_Product_Risk
9616352088dcf83a7c06637f4ebf1c80,91,65.58659793814432,20.76556701030928,4.278350515463917,9,0,0,9.89010989010989,0.0,Strong_Performer
9646c3513289980f17226a2fc4720dbd,69,48.68421052631579,23.23092105263158,4.342105263157895,8,6,6,11.594202898550725,8.695652173913043,Delivery_Risk
96493fab2fbb13a14d0c0e8772eef5c3,63,302.890625,19.44796875,4.031746031746032,10,4,0,15.873015873015872,0.0,Strong_Performer
966cb4760537b1404caedd472cc610a5,67,692.9589552238806,22.55268656716418,4.119402985074627,8,2,0,11.940298507462686,0.0,Strong_Performer
9674754b5a0cb32b638cec001178f799,84,64.17463157894737,16.74642105263158,4.052631578947368,17,3,0,20.238095238095237,0.0,Customer_Product_Risk
972d0f9cf61b499a4812cf0bfa3ad3c4,81,107.42465116279071,28.24279069767442,2.9642857142857144,37,10,3,45.67901234567901,3.7037037037037033,Critical_Seller
98dac6635aee4995d501a3972e047414,89,76.9548947368421,62.219210526315784,3.8882978723404253,47,9,0,52.80898876404494,0.0,Customer_Product_Risk
99eaacc9e6046db1c82b163c5f84869f,63,219.5534328358209,18.544179104477614,4.014925373134329,11,7,3,17.46031746031746,4.761904761904762,Critical_Seller
9b013e03b2ab786505a1d3b5c0756754,170,59.67459090909091,19.269363636363636,4.0607476635514015,36,12,3,21.176470588235293,1.7647058823529411,Customer_Product_Risk
9c0e69c7bf2619675bbadf47b43f655a,151,293.94925,26.5352,4.090909090909091,26,19,8,17.218543046357617,5.298013245033113,Critical_Seller
9d4db00d65d7760644ac0c14edb5fd86,97,103.43686868686869,16.221515151515153,4.540816326530612,4,4,3,4.123711340206185,3.0927835051546393,Strong_Performer
9d5a9018aee56acb367ba9c3f05d1d6a,66,182.75205128205127,36.371153846153845,4.435897435897436,9,1,0,13.636363636363635,0.0,Strong_Performer
9de4643a8dbde634fe55621059d92273,72,247.18172839506175,26.657901234567902,4.530864197530864,5,5,2,6.944444444444445,2.7777777777777777,Strong_Performer
9e6229250fedbe05838fef417b74e7fb,73,197.50402597402598,29.44571428571429,3.896103896103896,12,3,0,16.43835616438356,0.0,Customer_Product_Risk
9f505651f4a6abe901a56cdc21508025,393,67.41420187793427,17.7693661971831,4.305687203791469,43,20,8,10.941475826972011,2.035623409669211,Strong_Performer
a1043bafd471dff536d0c462352beb48,702,152.95436170212767,46.928789893617015,4.246666666666667,77,42,16,10.968660968660968,2.2792022792022792,Strong_Performer
a17f621c590ea0fab3d5d883e1630ec6,63,54.1701282051282,20.800641025641028,4.175675675675675,11,5,2,17.46031746031746,3.1746031746031744,Customer_Product_Risk
a3a38f4affed601eb87a97788c949667,251,116.06507692307693,21.845192307692308,4.403100775193798,21,12,6,8.366533864541832,2.3904382470119523,Strong_Performer
a3e9a2c700480d9bb01fba070ba80a0e,129,119.55797202797203,25.88895104895105,4.028368794326241,22,14,4,17.05426356589147,3.10077519379845,Customer_Product_Risk
a416b6a846a11724393025641d4edd5e,157,162.60102272727272,20.31477272727273,4.215909090909091,25,22,5,15.92356687898089,3.1847133757961785,Strong_Performer
a420f60ff1aa9acc80d0e42959f2b313,67,113.5391304347826,16.66246376811594,3.925373134328358,11,6,3,16.417910447761194,4.477611940298507,Critical_Seller
a49928bcdf77c55c6d6e05e09a9b4ca5,96,98.89413461538463,19.575,2.9711538461538463,45,26,10,46.875,10.416666666666668,Critical_Seller
a5cba26a62b8b4d0145b68b841e62e7f,53,279.30074074074076,25.57277777777778,4.574074074074074,2,1,1,3.7735849056603774,1.8867924528301887,Strong_Performer
a673821011d0cec28146ea42f5ab767f,125,126.91099290780143,23.58014184397163,3.922222222222222,25,16,7,20.0,5.6000000000000005,Critical_Seller
a6fe7de3d16f6149ffe280349a8535a0,50,58.1313725490196,14.899607843137256,4.06,8,8,1,16.0,2.0,Strong_Performer
a7f13822ceb966b076af67121f87b063,73,174.7709523809524,43.91309523809524,3.4939759036144578,21,5,2,28.767123287671232,2.73972602739726,Customer_Product_Risk
a888faf2d1baececa6baf9c3d603ee1f,53,332.4962962962963,21.017592592592592,4.111111111111111,8,8,2,15.09433962264151,3.7735849056603774,Delivery_Risk
aac29b1b99776be73c3049939652091d,94,83.26061068702289,41.55847328244275,4.0078740157480315,19,12,7,20.212765957446805,7.446808510638298,Critical_Seller
aaed1309374718fdd995ee4c58c9dfcd,104,93.20765765765766,23.01954954954955,4.045045045045045,15,3,0,14.423076923076922,0.0,Strong_Performer
aafe36600ce604f205b86b5084d3d767,129,73.94496183206107,19.66206106870229,4.3816793893129775,13,6,3,10.077519379844961,2.3255813953488373,Strong_Performer
aba1721a889e04decc910aa13b768ef4,83,194.72065217391304,17.14576086956522,4.456521739130435,9,10,1,10.843373493975903,1.2048192771084338,Strong_Performer
ac3508719a1d8f5b7614b798f70af136,101,124.44594059405941,29.610396039603962,4.64,3,3,1,2.9702970297029703,0.9900990099009901,Strong_Performer
aced59e9b31ef866a94f9e7f29d8d418,61,147.590447761194,20.828955223880598,4.447761194029851,4,5,1,6.557377049180328,1.639344262295082,Strong_Performer
adbc26658d6c7b4b6219f9d934598091,88,141.42815217391305,22.45858695652174,4.054347826086956,16,14,6,18.181818181818183,6.8181818181818175,Critical_Seller
b14db04aa7881970e83ffa9426897925,78,96.23095238095237,38.16142857142857,3.8020833333333335,17,12,4,21.794871794871796,5.128205128205128,Critical_Seller
b17b679f4f5ce2e03ce6968c62648246,50,73.10039215686274,19.923921568627453,3.9215686274509802,9,9,4,18.0,8.0,Critical_Seller
b1a81260566c1bac3114a6d124413f27,51,180.76574074074074,32.166111111111114,4.222222222222222,8,1,0,15.686274509803921,0.0,Strong_Performer
b1fc4f64df5a0e8b6913ab38803c57a9,107,97.7595041322314,27.367438016528926,3.7815126050420167,24,14,0,22.429906542056074,0.0,Customer_Product_Risk
b2479f944e1b90cf8a5de1bbfde284d6,101,55.10186046511628,28.82968992248062,3.3515625,42,19,9,41.584158415841586,8.91089108910891,Critical_Seller
b2ba3715d723d245138f291a6fe42594,324,155.86397142857143,22.283771428571427,4.204610951008646,40,30,5,12.345679012345679,1.5432098765432098,Strong_Performer
b33e7c55446eabf8fe1a42d037ac7d6d,149,301.3109868421053,18.895986842105263,4.190789473684211,20,20,4,13.422818791946309,2.684563758389262,Strong_Performer
b372ee768ed69e46ca8cdbd267aa7a38,63,222.6086956521739,20.267101449275362,4.398550724637682,7,0,0,11.11111111111111,0.0,Strong_Performer
b499c00f28f4b7069ff6550af8c1348a,147,91.30653846153847,21.712637362637363,4.230769230769231,19,20,8,12.925170068027212,5.442176870748299,Delivery_Risk
b4ffb71f0cb1b1c3d63fad021ecf93e1,143,58.13408536585366,21.934634146341466,4.0426829268292686,24,4,3,16.783216783216783,2.097902097902098,Customer_Product_Risk
b561927807645834b59ef0d16ba55a24,85,58.478842105263155,16.984526315789473,4.336842105263158,9,14,6,10.588235294117647,7.0588235294117645,Delivery_Risk
b6d44737c043328708f6749c2dbe50bd,61,135.30873417721517,44.529746835443035,4.569620253164557,5,4,1,8.19672131147541,1.639344262295082,Strong_Performer
b76dba6c951ab00dc4edf0a1aa88037e,157,16.907245508982033,15.480538922155688,4.1878787878787875,18,5,1,11.464968152866243,0.6369426751592357,Strong_Performer
b92e3c8f9738272ff7c59e111e108d7c,62,144.24457142857145,44.367714285714285,4.057142857142857,14,2,1,22.58064516129032,1.6129032258064515,Customer_Product_Risk
ba143b05f0110f0dc71ad71b4466ce92,83,73.20809523809524,16.04797619047619,4.464285714285714,7,13,5,8.433734939759036,6.024096385542169,Delivery_Risk
bbad7e518d7af88a0897397ffdca1979,68,96.33833333333334,32.08238095238095,3.0481927710843375,37,19,13,54.41176470588235,19.11764705882353,Critical_Seller
bd0389da23d89b726abf911cccc54596,87,101.11066666666667,21.046,4.2,10,7,4,11.494252873563218,4.597701149425287,Delivery_Risk
bd23da7354813347129d751591d1a6e2,86,116.88954022988506,16.92942528735632,4.127906976744186,13,4,2,15.11627906976744,2.3255813953488373,Strong_Performer
beadbee30901a7f61d031b6b686095ad,64,71.79220588235295,15.61,3.9411764705882355,12,16,5,18.75,7.8125,Critical_Seller
bfd27a966d91cfaafdb25d076585f0da,114,169.69565217391303,23.335565217391306,4.324561403508772,12,6,2,10.526315789473683,1.7543859649122806,Strong_Performer
c003204e1ab016dfa150abc119207b24,195,131.9779,25.1675,4.44,11,13,3,5.641025641025641,1.5384615384615385,Strong_Performer
c31eff8334d6b3047ed34bebd4d62c36,120,114.12471074380166,20.96694214876033,3.875,21,17,1,17.5,0.8333333333333334,Customer_Product_Risk
c33847515fa6305ce6feb1e818569f13,114,151.465859375,42.166875,3.71875,32,6,1,28.07017543859649,0.8771929824561403,Customer_Product_Risk
c3867b4666c7d76867627c2f7fb22e21,228,165.32941908713693,22.995601659751035,4.01673640167364,42,27,14,18.421052631578945,6.140350877192982,Critical_Seller
c3cfdc648177fdbbbb35635a37472c53,278,167.132671009772,23.824071661237785,4.447712418300654,25,7,0,8.992805755395683,0.0,Strong_Performer
c6bda72e4dbf5c5866b13cb1810c6d03,59,244.13135593220338,20.493389830508473,4.398305084745763,5,2,2,8.47457627118644,3.389830508474576,Delivery_Risk
c70c1b0d8ca86052f45a432a38b73958,260,173.22943452380952,17.815565476190475,4.315315315315315,36,27,4,13.846153846153847,1.5384615384615385,Strong_Performer
c826c40d7b19f62a09e2d7c5e7295ee2,346,133.06016438356164,16.647972602739728,4.09065934065934,56,33,10,16.184971098265898,2.8901734104046244,Strong_Performer
c864036feaab8c1659f65ea4faebe1da,58,180.2448275862069,31.820172413793102,4.568965517241379,3,2,1,5.172413793103448,1.7241379310344827,Strong_Performer
c8b0e2b0a7095e5d8219575d5e7e1181,84,146.69517647058825,18.13764705882353,4.0476190476190474,13,6,2,15.476190476190476,2.380952380952381,Strong_Performer
c9c7905cffc4ef9ff9f113554423e671,127,94.89014388489208,18.686258992805755,4.158273381294964,15,16,5,11.811023622047244,3.937007874015748,Delivery_Risk
ca3bd7cd9f149df75950150d010fe4a2,68,210.46703703703704,93.416,3.785185185185185,27,3,1,39.705882352941174,1.4705882352941175,Customer_Product_Risk
cab85505710c7cb9b720bceb52b01cee,201,56.53333333333333,14.450245098039215,4.33743842364532,13,5,3,6.467661691542288,1.4925373134328357,Strong_Performer
cac4c8e7b1ca6252d8f20b2fc1a2e4af,74,61.40256097560976,22.740853658536587,3.5617283950617282,22,19,8,29.72972972972973,10.81081081081081,Critical_Seller
cb8bcce248bb1fb274ba762d8b971456,66,144.2408955223881,18.694776119402984,4.343283582089552,3,1,0,4.545454545454546,0.0,Strong_Performer
cbd996ad3c1b7dc71fd0e5f5df9087e2,160,58.7221164021164,21.004497354497353,4.132596685082873,23,16,6,14.374999999999998,3.75,Delivery_Risk
cc419e0650a3c5ba77189a1882b7556a,1651,63.783158813263526,15.979895287958115,4.141885325558794,222,103,31,13.446396123561478,1.877649909145972,Strong_Performer
cc63f0dd2acba93ffed4fe9f8e0321fa,55,142.95634920634922,27.994761904761905,4.0476190476190474,6,0,0,10.909090909090908,0.0,Strong_Performer
cca3071e3e9bb7d12640c9fbe2301306,699,105.08829865361076,24.552093023255814,3.885,150,44,21,21.45922746781116,3.004291845493562,Customer_Product_Risk
ccc4bbb5f32a6ab2b7066a4130f114e3,184,413.2932275132275,30.26772486772487,4.319148936170213,20,14,9,10.869565217391305,4.891304347826087,Delivery_Risk
cce6ab8d1682639fe45ab70234f1665f,61,41.5984375,19.38265625,4.53125,3,3,1,4.918032786885246,1.639344262295082,Strong_Performer
cd68562d3f44870c08922d380acae552,122,159.9201550387597,18.33124031007752,3.90625,25,26,12,20.491803278688526,9.836065573770492,Critical_Seller
ce248b21cb2adc36282ede306b7660e5,64,215.26507692307692,31.437538461538463,4.246153846153846,8,7,4,12.5,6.25,Delivery_Risk
ce27a3cc3c8cc1ea79d11e561e9bebb6,122,320.84086092715233,53.0458940397351,4.118110236220472,17,3,0,13.934426229508196,0.0,Strong_Performer
ce7d1888639e6fb06b2749cbfdac1ff7,78,168.0795238095238,42.949999999999996,4.107142857142857,16,7,5,20.51282051282051,6.41025641025641,Critical_Seller
ceaec5548eefc6e23e6607c5435102e7,198,273.84000000000003,32.37533980582524,4.201970443349754,22,12,5,11.11111111111111,2.525252525252525,Strong_Performer
cfb1a033743668a192316f3c6d1d2671,143,110.81899441340781,30.064916201117317,4.025280898876405,31,19,6,21.678321678321677,4.195804195804196,Critical_Seller
d05ae8f7a5bd1d2a690a44cd079e4e27,77,179.879125,15.666125,3.8227848101265822,18,7,4,23.376623376623375,5.194805194805195,Critical_Seller
d12c926d74ceff0a90a21184466ce161,76,69.83752577319588,23.57505154639175,4.11340206185567,13,1,0,17.105263157894736,0.0,Customer_Product_Risk
d13e50eaa47b4cbe9eb81465865d8cfc,66,108.37720588235294,12.823529411764707,4.8088235294117645,2,14,0,3.0303030303030303,0.0,Strong_Performer
d1c281d3ae149232351cd8c8cc885f0d,214,146.44142259414227,28.346443514644353,3.7974683544303796,53,21,6,24.766355140186917,2.803738317757009,Customer_Product_Risk
d20b021d3efdf267a402c402a48ea64b,86,60.34980392156863,23.433823529411764,3.6930693069306932,23,18,10,26.744186046511626,11.627906976744185,Critical_Seller
d2374cbcbb3ca4ab1086534108cc3ab7,514,60.938677419354846,25.49209677419355,3.690864600326264,137,33,12,26.653696498054476,2.3346303501945527,Customer_Product_Risk
d50d79cb34e38265a8649c383dcffd48,70,190.53314285714285,28.573428571428572,4.246376811594203,6,5,2,8.571428571428571,2.857142857142857,Strong_Performer
d566c37fa119d5e66c4e9052e83ee4ea,65,82.32534246575342,16.246575342465754,4.71830985915493,2,3,0,3.076923076923077,0.0,Strong_Performer
d57e18d5f73c7ccb7f7339b61166898d,61,53.76031746031746,15.466666666666667,4.444444444444445,5,2,0,8.19672131147541,0.0,Strong_Performer
d650b663c3b5f6fb392b6326366efa9a,57,326.24385964912284,15.13140350877193,4.368421052631579,4,4,2,7.017543859649122,3.508771929824561,Delivery_Risk
d673a59aac7a70d8b01e6902bf090a11,79,59.95440476190476,23.03738095238095,3.9642857142857144,12,8,3,15.18987341772152,3.79746835443038,Delivery_Risk
d6b1ce66b035a475f00c017792ff9769,92,153.05629629629632,27.36425925925926,4.165048543689321,13,8,3,14.130434782608695,3.260869565217391,Delivery_Risk
d91fb3b7d041e83b64a00a3edfb37e4f,524,76.34988571428572,17.409409523809526,4.140754958413308,70,33,3,13.358778625954198,0.5725190839694656,Strong_Performer
d921b68bf747894be13a97ae52b0f386,77,206.37402597402595,23.363246753246752,4.558441558441558,4,1,0,5.194805194805195,0.0,Strong_Performer
d94a40fd42351c259927028d163af842,100,152.0062385321101,37.4848623853211,4.132075471698113,13,4,0,13.0,0.0,Strong_Performer
d98eec89afa3380e14463da2aabaea72,168,46.465136612021865,21.135136612021856,4.293956043956044,17,4,3,10.119047619047619,1.7857142857142856,Strong_Performer
d9a84e1403de8da0c3aa531d6d108ba6,53,36.21879310344828,15.288103448275862,4.620689655172414,3,3,2,5.660377358490567,3.7735849056603774,Delivery_Risk
d9bd94811c3338dceb4181f3dbc0c73e,54,139.0593442622951,16.001475409836065,4.819672131147541,2,7,2,3.7037037037037033,3.7037037037037033,Delivery_Risk
da8622b14eb17ae2831f4ac5b9dab84a,1311,152.11231912144703,23.34105943152455,4.067769130998703,231,113,40,17.620137299771166,3.051106025934401,Customer_Product_Risk
db4350fd57ae30082dec7acbaacc17f9,136,28.118965517241378,17.53896551724138,4.145833333333333,18,6,2,13.23529411764706,1.4705882352941175,Strong_Performer
dbb9b48c841a0e39e21f98e1a6b2ec3e,108,74.80186440677967,16.575,4.203389830508475,15,5,3,13.88888888888889,2.7777777777777777,Strong_Performer
dbc22125167c298ef99da25668e1011f,394,92.76230215827337,22.669424460431653,4.274038461538462,36,10,6,9.137055837563452,1.5228426395939088,Strong_Performer
dbd66278cbfe1aa1000f90a217ca4695,85,69.18424242424243,20.095858585858586,4.454545454545454,3,6,0,3.5294117647058822,0.0,Strong_Performer
dc317f341ab0e22f39acbd9dbf9b4a1f,55,354.25344827586207,67.5753448275862,4.120689655172414,10,3,2,18.181818181818183,3.6363636363636362,Critical_Seller
dc4a0fc896dc34b0d5bfec8438291c80,225,117.50888429752067,22.203636363636363,3.8161157024793386,47,16,8,20.88888888888889,3.5555555555555554,Critical_Seller
dd2bdf855a9172734fbc3744021ae9b9,105,102.14363636363636,19.772454545454544,3.8173076923076925,20,6,3,19.047619047619047,2.857142857142857,Customer_Product_Risk
dd7ddc04e1b6c2c614352b383efe2d36,121,86.18077464788732,26.597676056338027,3.780141843971631,28,21,6,23.140495867768596,4.958677685950414,Critical_Seller
de23c3b98a88888289c6f5cc1209054a,161,172.22859550561796,19.595280898876403,4.314606741573034,18,16,6,11.180124223602485,3.7267080745341614,Delivery_Risk
de722cd6dad950a92b7d4f82673f8833,337,193.22734748010612,33.5916976127321,4.167553191489362,48,15,5,14.243323442136498,1.483679525222552,Strong_Performer
dee656f0f566ed1aa85bd137c943f08f,92,70.07074468085106,19.10308510638298,4.382978723404255,7,5,3,7.608695652173914,3.260869565217391,Delivery_Risk
dfa0c4c6229ab200a4a1336b4d7128ff,77,72.47639534883722,25.694883720930235,4.011627906976744,16,3,1,20.77922077922078,1.2987012987012987,Customer_Product_Risk
e067ad2c1c0b48758eb1b5228bcf7a68,54,97.07950819672132,19.412131147540986,4.131147540983607,7,5,2,12.962962962962962,3.7037037037037033,Delivery_Risk
e24fc9fcd865784fb25705606fe3dfe7,51,283.41818181818184,21.172363636363638,4.181818181818182,6,4,2,11.76470588235294,3.9215686274509802,Delivery_Risk
e26901d5ab434ce92fd9b5c256820a4e,197,61.66832558139535,15.817069767441861,4.144186046511628,25,5,1,12.690355329949238,0.5076142131979695,Strong_Performer
e333046ce6517bd8bb510291d44f0130,68,108.84162162162161,23.820405405405406,4.391891891891892,6,4,1,8.823529411764707,1.4705882352941175,Strong_Performer
e59aa562b9f8076dd550fcddf0e73491,69,435.4304878048781,38.655243902439025,4.329268292682927,7,7,3,10.144927536231885,4.3478260869565215,Delivery_Risk
e5a3438891c0bfdb9394643f95273d8e,216,39.203279352226716,18.015546558704454,3.8857142857142857,50,45,22,23.14814814814815,10.185185185185185,Critical_Seller
e5a38146df062edaf55c38afa99e42dc,120,136.50120967741935,16.326532258064518,3.967479674796748,21,11,4,17.5,3.3333333333333335,Critical_Seller
e62b2d6ac10570a035a30bafcf01d263,62,100.36943661971831,20.420704225352114,3.8333333333333335,13,11,8,20.967741935483872,12.903225806451612,Critical_Seller
e882b2a25a10b9c057cc49695f222c19,57,881.9403448275863,49.570689655172416,4.586206896551724,3,0,0,5.263157894736842,0.0,Strong_Performer
e8b3a3a38279a82f0e5d006d5e5b7d2c,80,157.7810588235294,20.989529411764703,3.929411764705882,16,4,2,20.0,2.5,Customer_Product_Risk
e9779976487b77c6d4ac45f75ec7afe9,645,71.36420054200542,17.91579945799458,4.204081632653061,88,55,23,13.643410852713178,3.565891472868217,Delivery_Risk
e9bc59e7b60fc3063eb2290deda4cced,209,222.61180769230768,30.482884615384616,4.0346153846153845,42,33,9,20.095693779904305,4.30622009569378,Critical_Seller
e9d99831abad74458942f21e16f33f92,130,46.40020134228188,19.535637583892616,3.9054054054054053,24,15,7,18.461538461538463,5.384615384615385,Critical_Seller
ea566164622c6b439516ab18062c42cd,50,206.33307692307693,17.596923076923076,3.75,13,12,4,26.0,8.0,Critical_Seller
ea8482cd71df3c1969d7b9473ff13abc,1132,34.68478114478114,16.45834175084175,3.983065198983912,186,123,36,16.431095406360424,3.180212014134275,Customer_Product_Risk
ebd2d60905fb58271facef5596b620d3,82,96.65552941176472,20.756588235294117,4.235294117647059,8,3,3,9.75609756097561,3.6585365853658534,Delivery_Risk
ececbfcff9804a2d6b40f589df8eef2b,97,74.2231067961165,19.750679611650487,4.116504854368932,14,10,7,14.432989690721648,7.216494845360824,Delivery_Risk
edb1ef5e36e0c8cd84eb3c9b003e486d,165,470.3413793103448,24.88281609195402,4.454022988505747,13,13,6,7.878787878787878,3.6363636363636362,Delivery_Risk
eeb6de78f79159600292e314a77cbd18,82,532.5161445783132,36.552530120481926,4.421686746987952,5,3,1,6.097560975609756,1.2195121951219512,Strong_Performer
ef0ace09169ac090589d85746e3e036f,128,136.02158273381295,19.46546762589928,4.366906474820144,13,11,4,10.15625,3.125,Strong_Performer
ef506c96320abeedfb894c34db06f478,316,32.35433734939759,17.197801204819278,3.930091185410334,56,29,12,17.72151898734177,3.79746835443038,Critical_Seller
f0b47fbbc6dee9aafe415a6e33051b3f,67,71.06682352941176,29.213176470588234,4.258823529411765,11,8,1,16.417910447761194,1.4925373134328357,Customer_Product_Risk
f214d28e8d8e3ef068748498ccc2f813,52,43.461754385964916,16.69859649122807,4.125,8,4,1,15.384615384615385,1.9230769230769231,Strong_Performer
f262cbc1c910c83959f849465454ddd3,189,58.63460784313726,13.901617647058822,4.1182266009852215,31,19,7,16.402116402116402,3.7037037037037033,Critical_Seller
f27e33c6d29b5138fa9967bcd445b6d5,93,100.42755102040816,21.452755102040815,4.091836734693878,16,10,3,17.20430107526882,3.225806451612903,Critical_Seller
f3b80352b986ab4d1057a4b724be19d0,86,123.21868131868132,26.784615384615385,4.164835164835165,10,0,0,11.627906976744185,0.0,Strong_Performer
f3da5b2ff499efb8d4a6d371d175d7dd,77,52.265853658536585,16.004512195121954,3.919753086419753,13,11,5,16.883116883116884,6.493506493506493,Critical_Seller
f45122a9ab94eb4f3f8953578bc0c560,184,120.9441116751269,19.34477157360406,3.9238578680203045,38,14,8,20.652173913043477,4.3478260869565215,Critical_Seller
f457c46070d02cadd8a68551231220dd,195,123.07147826086957,23.641739130434786,3.8013100436681224,50,15,7,25.64102564102564,3.5897435897435894,Critical_Seller
f46490624488d3ff7ce78613913a7711,80,78.27758620689654,24.910459770114944,3.574712643678161,25,10,2,31.25,2.5,Customer_Product_Risk
f4aba7c0bca51484c30ab7bdc34bcdd1,108,29.034869565217388,14.774,3.8956521739130436,20,8,2,18.51851851851852,1.8518518518518516,Customer_Product_Risk
f5a590cf36251cf1162ea35bef76fe84,113,468.3201694915254,38.905,4.279661016949152,13,12,4,11.504424778761061,3.5398230088495577,Delivery_Risk
f7720c4fa8e3aba4546301ab80ea1f1b,59,67.5525974025974,36.475064935064935,4.240259740259741,4,3,3,6.779661016949152,5.084745762711865,Delivery_Risk
f7ba60f8c3f99e7ee4042fdef03b70c4,218,360.938384279476,22.97890829694323,4.218340611353712,24,38,13,11.009174311926607,5.963302752293578,Delivery_Risk
f7ccf836d21b2fb1de37564105216cc1,69,43.26178082191781,17.372191780821918,3.859154929577465,14,7,2,20.28985507246377,2.898550724637681,Customer_Product_Risk
f80edd2c5aaa505cc4b0a3b219abf4b8,116,84.62672,27.163919999999997,4.137096774193548,17,8,1,14.655172413793101,0.8620689655172413,Strong_Performer
f84a00e60c73a49e7e851c9bdca3a5bb,88,66.16783505154639,24.413711340206188,3.7216494845360826,24,10,6,27.27272727272727,6.8181818181818175,Critical_Seller
f84fa566034f5e8e880a07ec624c56af,89,61.2457,14.921499999999998,4.3,11,12,3,12.359550561797752,3.3707865168539324,Delivery_Risk
f8db351d8c4c4c22c6835c19a46f01b0,659,84.94518207282913,21.257268907563027,4.253164556962025,70,42,11,10.62215477996965,1.669195751138088,Strong_Performer
fa1a9dec3a9940c072684a46728bf1fc,55,140.11133333333333,25.064999999999998,3.983050847457627,10,0,0,18.181818181818183,0.0,Customer_Product_Risk
fa1c13f2614d7b5c4749cbc52fecda94,578,333.65689119170986,17.400103626943004,4.373913043478261,55,59,28,9.515570934256056,4.844290657439446,Delivery_Risk
fa40cc5b934574b62717c68f3d678b6d,304,60.956765578635014,17.195341246290802,4.446428571428571,27,20,9,8.881578947368421,2.9605263157894735,Strong_Performer
fc906263ca5083d09dce42fe02247800,112,41.16923076923077,17.197264957264956,4.3931623931623935,11,0,0,9.821428571428571,0.0,Strong_Performer
fcb5ace8bcc92f75707dc0f01a27d269,59,152.7477142857143,17.978571428571428,3.898550724637681,10,2,1,16.94915254237288,1.694915254237288,Customer_Product_Risk
fd386aa7bed2af3c7035c65506c9b4a3,69,38.963421052631574,17.659342105263157,4.355263157894737,11,8,3,15.942028985507244,4.3478260869565215,Delivery_Risk
fe2032dab1a61af8794248c8196565c9,293,235.98495081967215,16.95954098360656,4.395348837209302,28,26,12,9.556313993174061,4.09556313993174,Delivery_Risk
febab0275244b9a49a623f0bd613ca2f,106,77.30388888888889,33.0136507936508,4.317460317460317,15,5,0,14.150943396226415,0.0,Strong_Performer
ff063b022a9a0aab91bad2c9088760b7,94,132.715,22.1034375,4.28421052631579,9,3,0,9.574468085106384,0.0,Strong_Performer
fffd5413c0700ac820c7069d66d98c89,57,158.0555172413793,49.93655172413793,3.912280701754386,12,8,3,21.052631578947366,5.263157894736842,Critical_Seller
